"modalidad","categoria","categoria_proveedor","plurianual","forma_adjudicacion","monto_referencial","garantia","nivel_1","periodo_consulta","periodo_llamado","Cluster"
"Concurso de Ofertas","Equipos, Productos e instrumentales Médicos y de Laboratorio. Servicios asistenciales de salud","GRANDE","NO","Por Item",378250146.7257166,"Póliza","50000000",6.206566347469219,12.170314637482909,"cluster_0"
"Licitación Pública Internacional","Construcción, Restauración, Reconstrucción o Remodelación y Reparación de Inmuebles","GRANDE","SI","Por Lote",2294672374923,"Póliza","72000000",21,42,"cluster_1"
"Licitación Pública Nacional","Equipos, Productos e instrumentales Médicos y de Laboratorio. Servicios asistenciales de salud","GRANDE","SI","Por Item",8050000000,"Póliza","42000000",449,483.00000000000006,"cluster_2"
"Contratación por Excepción","Equipos, Productos e instrumentales Médicos y de Laboratorio. Servicios asistenciales de salud","GRANDE","NO","Por Item",780479200,"NULL","42000000",-403,-496.99999999999994,"cluster_3"
"Licitación Pública Nacional","Servicios de Limpiezas, Mantenimientos y reparaciones menores y mayores de Instalaciones, Maquinarias y Vehículos","GRANDE","SI","Por Lote",3383404331,"Póliza","73000000-78000000",15,658,"cluster_4"
"Licitación Pública Internacional","Construcción, Restauración, Reconstrucción o Remodelación y Reparación de Inmuebles","GRANDE","SI","Por Lote",911086904460,"Póliza","72000000",32,46,"cluster_5"
"Contratación por Excepción","Servicios Técnicos","GRANDE","SI","Por Item",72000001,"NULL","43000000",-355,14,"cluster_6"
"Contratación Directa","Equipos, Productos e instrumentales Médicos y de Laboratorio. Servicios asistenciales de salud","MIPYME","NO","Por Total",18000000,"Póliza","84000000",377.49999999999994,15,"cluster_7"
"Contratación por Excepción","Construcción, Restauración, Reconstrucción o Remodelación y Reparación de Inmuebles","MIPYME","NO","Por Lote",659336277.333333,"NULL","72000000",-5.666666666666668,-374,"cluster_8"
"Licitación Pública Nacional","Equipos, Productos e instrumentales Médicos y de Laboratorio. Servicios asistenciales de salud","GRANDE","SI","Por Item",68075112459,"Póliza","39000000-41000000-42000000-49000000",189,281,"cluster_9"
"Contratación por Excepción","Equipos, Productos e instrumentales Médicos y de Laboratorio. Servicios asistenciales de salud","GRANDE","NO","Por Lote",938286749.999999,"NULL","85000000",-204.99999999999997,-228.74999999999997,"cluster_10"
"Licitación Pública Nacional","Equipos, Productos e instrumentales Médicos y de Laboratorio. Servicios asistenciales de salud","GRANDE","SI","Por Item",428206569176.1,"Póliza","51000000",90.4,154.9,"cluster_11"
"Licitación Pública Nacional","Equipos, accesorios y programas computacionales, de oficina, educativos, de imprenta, de comunicación y señalamiento","GRANDE","SI","Por Total",3033527500,"Póliza","26000000-43000000",16,391,"cluster_12"
"Contratación por Excepción","Equipos, Productos e instrumentales Médicos y de Laboratorio. Servicios asistenciales de salud","GRANDE","NO","Por Item",1005039269.2307692,"NULL","12000000-24000000-40000000-41000000-42000000-51000000",-66.53846153846155,-205.53846153846152,"cluster_13"
"Concurso de Ofertas","Servicios de Limpiezas, Mantenimientos y reparaciones menores y mayores de Instalaciones, Maquinarias y Vehículos","GRANDE","SI","Por Total",561713245,"Póliza","76000000",342,354,"cluster_14"
"Licitación Pública Nacional","Construcción, Restauración, Reconstrucción o Remodelación y Reparación de Inmuebles","GRANDE","SI","Por Lote",157404588912.46155,"Póliza","72000000",93.46153846153847,118.3846153846154,"cluster_15"
"Licitación Pública Nacional","Equipos, Productos e instrumentales Médicos y de Laboratorio. Servicios asistenciales de salud","GRANDE","SI","Por Item",261542522369.8932,"Póliza","51000000",15.23664122137405,29.557251908396942,"cluster_16"
"Contratación por Excepción","Equipos, Productos e instrumentales Médicos y de Laboratorio. Servicios asistenciales de salud","GRANDE","NO","Por Lote",8853864700.6,"NULL","41000000-42000000-46000000",-305.2,-358.19999999999993,"cluster_17"
"Licitación Pública Nacional","Equipos, Productos e instrumentales Médicos y de Laboratorio. Servicios asistenciales de salud","GRANDE","SI","Por Lote",3097744118.789474,"Póliza","41000000",15,178.36842105263156,"cluster_18"
"Licitación Pública Internacional","Construcción, Restauración, Reconstrucción o Remodelación y Reparación de Inmuebles","GRANDE","SI","Por Total",597826832086,"Póliza","72000000",26,47,"cluster_19"
"Contratación por Excepción","Construcción, Restauración, Reconstrucción o Remodelación y Reparación de Inmuebles","MIPYME","NO","Por Total",1370696774.9333324,"Declaración Jurada","72000000",-75.46666666666667,-73.46666666666667,"cluster_20"
"Licitación Pública Nacional","Equipos, Productos e instrumentales Médicos y de Laboratorio. Servicios asistenciales de salud","GRANDE","SI","Por Item",170884087600.00006,"Póliza","51000000",5,294,"cluster_21"
"Licitación Pública Nacional","Equipos, Productos e instrumentales Médicos y de Laboratorio. Servicios asistenciales de salud","GRANDE","SI","Por Item",263760222900.00003,"Póliza","12000000-41000000-42000000-46000000-53000000",201,213.00000000000003,"cluster_22"
"Licitación Pública Nacional","Equipos, Productos e instrumentales Médicos y de Laboratorio. Servicios asistenciales de salud","GRANDE","SI","Por Item",25020494317.785713,"Póliza","41000000-42000000-51000000",102.57142857142857,233.5,"cluster_23"
"Contratación Directa","Servicios Técnicos","GRANDE","SI","Por Total",150,"Declaración Jurada","82000000",265,269,"cluster_24"
"Licitación Pública Nacional","Equipos, Productos e instrumentales Médicos y de Laboratorio. Servicios asistenciales de salud","GRANDE","SI","Por Item",93631549732.00003,"Póliza","39000000-41000000-42000000-47000000-49000000",136,380,"cluster_25"
"Licitación Pública Nacional","Equipos, Productos e instrumentales Médicos y de Laboratorio. Servicios asistenciales de salud","GRANDE","SI","Por Lote",213818955990,"Póliza","51000000",119,235.99999999999994,"cluster_26"
"Contratación Directa","Materiales e insumos eléctricos, metálicos y no metálicos, Plásticos, cauchos. Repuestos, herramientas, cámaras y cubiertas.","MIPYME","NO","Por Total",147200000,"Declaración Jurada","30000000",172,187,"cluster_27"
"Licitación Pública Nacional","Equipos, Productos e instrumentales Médicos y de Laboratorio. Servicios asistenciales de salud","GRANDE","SI","Por Item",535758550324.00006,"Póliza","12000000-51000000-53000000",22,168,"cluster_28"
"Contratación por Excepción","Equipos, Productos e instrumentales Médicos y de Laboratorio. Servicios asistenciales de salud","GRANDE","NO","Por Item",2140002790.5,"Declaración Jurada","51000000",0,-107.39285714285714,"cluster_29"
"Licitación Pública Nacional","Servicios de Limpiezas, Mantenimientos y reparaciones menores y mayores de Instalaciones, Maquinarias y Vehículos","MIPYME","SI","Por Total",2347524707.297872,"Póliza","78000000",44.70212765957447,65.91489361702128,"cluster_30"
"Contratación por Excepción","Equipos, Productos e instrumentales Médicos y de Laboratorio. Servicios asistenciales de salud","GRANDE","NO","Por Item",723113648,"NULL","51000000",-5.6999999999999975,-290.49999999999994,"cluster_31"
"Licitación Pública Nacional","Equipos, Productos e instrumentales Médicos y de Laboratorio. Servicios asistenciales de salud","GRANDE","SI","Por Item",2003725831,"Póliza","42000000",286,426,"cluster_32"
"Licitación Pública Nacional","Equipos, Productos e instrumentales Médicos y de Laboratorio. Servicios asistenciales de salud","GRANDE","SI","Por Item",768597274129.9999,"Póliza","51000000",3,71,"cluster_33"
"Licitación Pública Nacional","Equipos, Productos e instrumentales Médicos y de Laboratorio. Servicios asistenciales de salud","GRANDE","SI","Por Lote",283559830050.6141,"Póliza","51000000",68.14035087719299,101.05263157894737,"cluster_34"
"Locación de Inmuebles","Adquisición y Locación de inmuebles. Alquiler de muebles","MIPYME","NO","Por Item",71205714.28571415,"Póliza","80000000",-122,-119.71428571428572,"cluster_35"
"Contratación por Excepción","Equipos, Productos e instrumentales Médicos y de Laboratorio. Servicios asistenciales de salud","GRANDE","NO","Por Item",14982640804.000002,"NULL","41000000-42000000",-383.00000000000006,-397.00000000000006,"cluster_36"
"Acuerdo Nacional","Equipos, Productos e instrumentales Médicos y de Laboratorio. Servicios asistenciales de salud","GRANDE","NO","Por Total",124532906250,"Póliza","42000000",0.375,2.625,"cluster_37"
"Contratación por Excepción","Equipos, Productos e instrumentales Médicos y de Laboratorio. Servicios asistenciales de salud","MIPYME","NO","Por Total",156750000,"Póliza","12000000",-270,-270,"cluster_38"
"Licitación Pública Nacional","Equipos, Productos e instrumentales Médicos y de Laboratorio. Servicios asistenciales de salud","GRANDE","SI","Por Item",412654179149.9999,"Póliza","51000000",32,88.99999999999999,"cluster_39"
"Licitación Pública Nacional","Equipos, Productos e instrumentales Médicos y de Laboratorio. Servicios asistenciales de salud","GRANDE","SI","Por Lote",103713036096,"Póliza","41000000",287,318,"cluster_40"
"Concurso de Ofertas","Equipos, accesorios y programas computacionales, de oficina, educativos, de imprenta, de comunicación y señalamiento","GRANDE","NO","Por Lote",561350839.6470594,"Póliza","39000000-43000000-44000000-45000000",108.58823529411765,118.88235294117646,"cluster_131"
"Contratación por Excepción","Construcción, Restauración, Reconstrucción o Remodelación y Reparación de Inmuebles","GRANDE","NO","Por Lote",485109799.99999905,"NULL","72000000-81000000",-163,-357.00000000000006,"cluster_42"
"Licitación Pública Nacional","Construcción, Restauración, Reconstrucción o Remodelación y Reparación de Inmuebles","GRANDE","SI","Por Item",153629934308.28574,"Póliza","72000000",14.025974025974026,52.20779220779221,"cluster_43"
"Licitación Pública Nacional","Muebles y Enseres","GRANDE","NO","Por Item",19465456615,"Póliza","51000000",21,303.20000000000005,"cluster_44"
"Licitación Pública Nacional","Servicios de Limpiezas, Mantenimientos y reparaciones menores y mayores de Instalaciones, Maquinarias y Vehículos","MIPYME","SI","Por Total",2958145222.7297297,"Póliza","78000000",11.945945945945947,102.37837837837839,"cluster_45"
"Licitación Pública Nacional","Servicios de ceremonial, gastronomico y funerarios","MIPYME","SI","Por Lote",3369657742,"Póliza","50000000-90000000",363.00000000000006,426,"cluster_46 "
"Contratación por Excepción","Equipos, Productos e instrumentales Médicos y de Laboratorio. Servicios asistenciales de salud","GRANDE","NO","Por Total",440610487.0625,"NULL","72000000",-157.31249999999997,-174.0625,"cluster_47"
"Licitación Pública Nacional","Equipos, Productos e instrumentales Médicos y de Laboratorio. Servicios asistenciales de salud","GRANDE","SI","Por Item",85795630428.40001,"Póliza","12000000-41000000-42000000-46000000-53000000",46.33333333333333,140.0666666666667,"cluster_48"
"Contratación por Excepción","Servicios de Limpiezas, Mantenimientos y reparaciones menores y mayores de Instalaciones, Maquinarias y Vehículos","GRANDE","NO","Por Total",19944800,"Declaración Jurada","78000000",429,68,"cluster_49"
"Licitación Pública Nacional","Equipos, Productos e instrumentales Médicos y de Laboratorio. Servicios asistenciales de salud","GRANDE","SI","Por Lote",36894054200,"Póliza","51000000",16,577,"cluster_50"
"Contratación por Excepción","Equipos, Productos e instrumentales Médicos y de Laboratorio. Servicios asistenciales de salud","GRANDE","NO","Por Item",272104264.06382847,"NULL","51000000",-28.234042553191482,-37.191489361702125,"cluster_51"
"Licitación Pública Nacional","Maquinarias, Equipos y herramientas mayores - Equipos de transporte","GRANDE","NO","Por Lote",3270886734.714286,"Póliza","22000000-25000000",209.14285714285714,224.2857142857143,"cluster_52"
"Contratación Directa","Equipos, Productos e instrumentales Médicos y de Laboratorio. Servicios asistenciales de salud","GRANDE","SI","Por Item",398194677972,"Póliza","51000000",149,176,"cluster_53"
"Licitación Pública Nacional","Equipos, Productos e instrumentales Médicos y de Laboratorio. Servicios asistenciales de salud","GRANDE","SI","Por Lote",432067746599.9999,"Póliza","51000000",3,23,"cluster_54"
"Contratación por Excepción","Equipos, Productos e instrumentales Médicos y de Laboratorio. Servicios asistenciales de salud","GRANDE","NO","Por Item",5438612075,"NULL","41000000-42000000-51000000",-249.99999999999997,-178,"cluster_55"
"Licitación Pública Nacional","Equipos, Productos e instrumentales Médicos y de Laboratorio. Servicios asistenciales de salud","GRANDE","SI","Por Item",243430222090,"Póliza","40000000-41000000-42000000-46000000-51000000-53000000",114.99999999999999,165.99999999999997,"cluster_56"
"Licitación Pública Nacional","Equipos, Productos e instrumentales Médicos y de Laboratorio. Servicios asistenciales de salud","GRANDE","NO","Por Item",6703476241,"Póliza","39000000-40000000-41000000-42000000",251,320,"cluster_57"
"Contratación por Excepción","Equipos, Productos e instrumentales Médicos y de Laboratorio. Servicios asistenciales de salud","GRANDE","SI","Por Item",11163391940.363636,"NULL","27000000-41000000-42000000-46000000",-62.63636363636364,-130.72727272727272,"cluster_58"
"Contratación por Excepción","Equipos, Productos e instrumentales Médicos y de Laboratorio. Servicios asistenciales de salud","GRANDE","NO","Por Lote",20921427642.85714,"NULL","51000000",-101.33333333333334,-253.6666666666667,"cluster_59"
"Licitación Pública Nacional","Equipos, Productos e instrumentales Médicos y de Laboratorio. Servicios asistenciales de salud","GRANDE","SI","Por Item",215482572039.44446,"Póliza","41000000-42000000-51000000",32.27777777777777,103.27777777777779,"cluster_60"
"Licitación Pública Nacional","Equipos, accesorios y programas computacionales, de oficina, educativos, de imprenta, de comunicación y señalamiento","MIPYME","SI","Por Item",5609897886,"Póliza","43000000",83.25,149.375,"cluster_61"
"Licitación Pública Nacional","Servicios de Limpiezas, Mantenimientos y reparaciones menores y mayores de Instalaciones, Maquinarias y Vehículos","GRANDE","SI","Por Item",3661679016.090129,"Póliza","76000000",16.4206008583691,25.78540772532189,"cluster_62"
"Concurso de Ofertas","Utiles de oficina, Productos de papel y cartón e impresos","GRANDE","NO","Por Lote",372867333.333333,"Póliza","31000000-43000000-44000000-55000000-60000000",-328.66666666666663,10.333333333333334,"cluster_63"
"Licitación Pública Nacional","Equipos, Productos e instrumentales Médicos y de Laboratorio. Servicios asistenciales de salud","GRANDE","SI","Por Item",16515083347.76923,"Póliza","41000000-42000000",159.3076923076923,217.9230769230769,"cluster_64"
"Licitación Pública Nacional","Equipos, Productos e instrumentales Médicos y de Laboratorio. Servicios asistenciales de salud","GRANDE","SI","Por Item",145930528530.55557,"Póliza","31000000-39000000",59.77777777777777,74.33333333333334,"cluster_65"
"Licitación Pública Nacional","Equipos, accesorios y programas computacionales, de oficina, educativos, de imprenta, de comunicación y señalamiento","GRANDE","NO","Por Total",1857701215,"Póliza","43000000-45000000-52000000",282.25,298,"cluster_66"
"Licitación Pública Nacional","Equipos, Productos e instrumentales Médicos y de Laboratorio. Servicios asistenciales de salud","GRANDE","SI","Por Lote",149667303079.75,"Póliza","12000000-41000000-42000000-51000000",147.5,185.75,"cluster_67"
"Licitación Pública Nacional","Construcción, Restauración, Reconstrucción o Remodelación y Reparación de Inmuebles","MIPYME","SI","Por Lote",21494641521.19355,"Póliza","72000000",37.655913978494624,47.784946236559136,"cluster_68"
"Licitación Pública Nacional","Servicios de Limpiezas, Mantenimientos y reparaciones menores y mayores de Instalaciones, Maquinarias y Vehículos","GRANDE","SI","Por Lote",98418000000,"Póliza","76000000",217,224,"cluster_69"
"Licitación Pública Internacional","Construcción, Restauración, Reconstrucción o Remodelación y Reparación de Inmuebles","GRANDE","SI","Por Lote",444491962366.5,"Póliza","72000000",33.25,54.75,"cluster_70"
"Licitación Pública Nacional","Equipos, Productos e instrumentales Médicos y de Laboratorio. Servicios asistenciales de salud","GRANDE","SI","Por Item",15652000000,"Póliza","42000000",397,474.99999999999994,"cluster_71"
"Contratación Directa","Servicios de Limpiezas, Mantenimientos y reparaciones menores y mayores de Instalaciones, Maquinarias y Vehículos","MIPYME","SI","Por Total",89415743.18663597,"Declaración Jurada","78000000",6.506912442396313,16.1036866359447,"cluster_72"
"Contratación Directa","Equipos, accesorios y programas computacionales, de oficina, educativos, de imprenta, de comunicación y señalamiento","GRANDE","NO","Por Item",75237097.6869154,"Declaración Jurada","43000000",33.084112149532714,40.55607476635514,"cluster_73"
"Contratación por Excepción","Equipos, Productos e instrumentales Médicos y de Laboratorio. Servicios asistenciales de salud","MIPYME","NO","Por Total",666590574.999999,"NULL","85000000",-88.25,-145.25,"cluster_74"
"Licitación Pública Nacional","Equipos, Productos e instrumentales Médicos y de Laboratorio. Servicios asistenciales de salud","GRANDE","SI","Por Item",708797859459.1372,"Póliza","12000000-51000000",7.254901960784314,35.80392156862745,"cluster_75"
"Licitación Pública Nacional","Equipos, Productos e instrumentales Médicos y de Laboratorio. Servicios asistenciales de salud","GRANDE","SI","Por Item",31455719994.6,"Póliza","12000000-41000000-42000000-46000000-51000000",86.68333333333332,98.11666666666665,"cluster_76"
"Contratación Directa","Equipos Militares y de Seguridad. Servicio de Seguridad y Vigilancia","GRANDE","NO","Por Total",59303186.97746849,"Declaración Jurada","92000000",3.363951473136914,17.47833622183709,"cluster_77"
"Licitación Pública Nacional","Utiles de oficina, Productos de papel y cartón e impresos","GRANDE","SI","Por Item",104158043711.13432,"Póliza","14000000-31000000-44000000-55000000-60000000",6.940298507462686,31.895522388059703,"cluster_78"
"Licitación Pública Nacional","Equipos, Productos e instrumentales Médicos y de Laboratorio. Servicios asistenciales de salud","GRANDE","SI","Por Item",529616848933.6001,"Póliza","12000000-42000000-51000000",21.200000000000003,50.733333333333334,"cluster_79"
"Licitación Pública Internacional","Maquinarias, Equipos y herramientas mayores - Equipos de transporte","MIPYME","NO","Por Lote",7485496884.299999,"Póliza","39000000-86000000",32.650000000000006,64.25,"cluster_80"
"Contratación por Excepción","Textiles, vestuarios y calzados","MIPYME","NO","Por Item",678159971.25,"Póliza","11000000-46000000-49000000-52000000-53000000-55000000",-186.625,-179.125,"cluster_81"
"Licitación Pública Nacional","Materiales e insumos eléctricos, metálicos y no metálicos, Plásticos, cauchos. Repuestos, herramientas, cámaras y cubiertas.","GRANDE","NO","Por Lote",2726146000.0000005,"Póliza","43000000",336,401.99999999999994,"cluster_82"
"Locación de Inmuebles","Adquisición y Locación de inmuebles. Alquiler de muebles","MIPYME","NO","Por Item",2989674123.129411,"Póliza","80000000",-26.670588235294115,-24.058823529411764,"cluster_83"
"Contratación por Excepción","Construcción, Restauración, Reconstrucción o Remodelación y Reparación de Inmuebles","MIPYME","NO","Por Lote",1754408898.083333,"NULL","72000000",-6.194444444444446,-16.416666666666668,"cluster_84"
"Contratación por Excepción","Equipos, Productos e instrumentales Médicos y de Laboratorio. Servicios asistenciales de salud","GRANDE","NO","Por Item",40340925899.99999,"NULL","12000000-40000000-41000000-42000000",-12,-349.00000000000006,"cluster_85"
"Concurso de Ofertas","Servicios de Limpiezas, Mantenimientos y reparaciones menores y mayores de Instalaciones, Maquinarias y Vehículos","MIPYME","SI","Por Total",486311849.7777777,"Póliza","72000000",139,144.77777777777777,"cluster_86"
"Licitación Pública Nacional","Servicios de Limpiezas, Mantenimientos y reparaciones menores y mayores de Instalaciones, Maquinarias y Vehículos","GRANDE","SI","Por Lote",4536302750,"Póliza","73000000",432,439,"cluster_87"
"Licitación Pública Nacional","Equipos, Productos e instrumentales Médicos y de Laboratorio. Servicios asistenciales de salud","GRANDE","SI","Por Lote",82803094000,"Póliza","41000000-42000000-51000000",248,293,"cluster_88"
"Licitación Pública Nacional","Equipos, Productos e instrumentales Médicos y de Laboratorio. Servicios asistenciales de salud","GRANDE","SI","Por Item",8243459080.875,"Póliza","42000000-51000000",95.625,176.5625,"cluster_89"
"Contratación por Excepción","Construcción, Restauración, Reconstrucción o Remodelación y Reparación de Inmuebles","GRANDE","NO","Por Lote",1304031835.5999994,"NULL","72000000",-20.000000000000007,-117,"cluster_90"
"BM - Licitación Pública Nacional - LPN","Construcción, Restauración, Reconstrucción o Remodelación y Reparación de Inmuebles","GRANDE","SI","Por Lote",9693002038.888887,"NULL","81000000",13.722222222222221,31.555555555555554,"cluster_91"
"Contratación por Excepción","Equipos, Productos e instrumentales Médicos y de Laboratorio. Servicios asistenciales de salud","GRANDE","SI","Por Lote",1829264728,"NULL","41000000-51000000",-182.2,-191.60000000000002,"cluster_92"
"Licitación Pública Internacional","Construcción, Restauración, Reconstrucción o Remodelación y Reparación de Inmuebles","GRANDE","SI","Por Lote",69258480791,"Póliza","72000000",70.66666666666666,111.83333333333334,"cluster_93"
"Contratación por Excepción","Equipos, Productos e instrumentales Médicos y de Laboratorio. Servicios asistenciales de salud","GRANDE","SI","Por Lote",1348039559.2000008,"NULL","12000000",-129.79999999999998,-146,"cluster_94"
"Locación de Inmuebles","Adquisición y Locación de inmuebles. Alquiler de muebles","GRANDE","SI","Por Item",1230523212.8592901,"Póliza","80000000",3.0923737916219114,7.413533834586476,"cluster_95"
"Contratación por Excepción","Equipos, Productos e instrumentales Médicos y de Laboratorio. Servicios asistenciales de salud","GRANDE","NO","Por Item",39124928334.117645,"NULL","51000000",-42.294117647058826,-57.23529411764707,"cluster_96"
"Licitación Pública Nacional","Equipos, accesorios y programas computacionales, de oficina, educativos, de imprenta, de comunicación y señalamiento","GRANDE","SI","Por Item",7018280481.923077,"Póliza","26000000-32000000-39000000-43000000-44000000",238.00000000000003,263.7692307692308,"cluster_97"
"Contratación Directa","Servicios de Limpiezas, Mantenimientos y reparaciones menores y mayores de Instalaciones, Maquinarias y Vehículos","MIPYME","NO","Por Total",51966800.68208027,"Declaración Jurada","72000000",25.45664739884393,31.96242774566474,"cluster_98"
"Concurso de Ofertas","Adquisición y Locación de inmuebles. Alquiler de muebles","GRANDE","SI","Por Total",620938272.8042545,"Póliza","80000000",13.22127659574468,22.038297872340426,"cluster_99"
"Licitación Pública Nacional","Equipos, Productos e instrumentales Médicos y de Laboratorio. Servicios asistenciales de salud","GRANDE","SI","Por Lote",39012107999.99999,"Póliza","42000000",160.00000000000003,269,"cluster_100"
"Contratación Directa","Muebles y Enseres","MIPYME","NO","Por Lote",77407874.28862858,"Declaración Jurada","56000000",3.8104956268221573,10.959183673469385,"cluster_101"
"Licitación Pública Nacional","Capacitaciones y Adiestramientos","MIPYME","NO","Por Item",9740177810.642857,"Póliza","80000000-86000000",22.07142857142857,233.5,"cluster_102"
"Contratación por Excepción","Equipos, Productos e instrumentales Médicos y de Laboratorio. Servicios asistenciales de salud","GRANDE","SI","Por Lote",467358800,"NULL","42000000",-251.99999999999997,-264,"cluster_103"
"Contratación Directa","Servicios de Limpiezas, Mantenimientos y reparaciones menores y mayores de Instalaciones, Maquinarias y Vehículos","GRANDE","SI","Por Total",4348,"Declaración Jurada","76000000",310,321,"cluster_104"
"Licitación Pública Nacional","Equipos, Productos e instrumentales Médicos y de Laboratorio. Servicios asistenciales de salud","GRANDE","NO","Por Item",9960000000,"Póliza","39000000-41000000-42000000-47000000",301,378,"cluster_105"
"Concurso de Ofertas","Pasajes y Transportes","MIPYME","SI","Por Total",500000000.99999905,"NULL","78000000",-372,5,"cluster_106"
"Licitación Pública Nacional","Productos Alimenticios","GRANDE","NO","Por Total",1826976999.999999,"Póliza","50000000",181.25,189.75,"cluster_107"
"Licitación Pública Nacional","Equipos, Productos e instrumentales Médicos y de Laboratorio. Servicios asistenciales de salud","GRANDE","SI","Por Lote",174644196178,"Póliza","11000000-12000000-13000000-40000000-41000000-42000000-45000000-46000000-47000000-51000000-60000000",207.99999999999997,215,"cluster_108"
"Licitación Pública Nacional","Construcción, Restauración, Reconstrucción o Remodelación y Reparación de Inmuebles","GRANDE","SI","Por Item",207913923500.53674,"Póliza","72000000",18.497175141242938,25.655367231638415,"cluster_109"
"Contratación por Excepción","Construcción, Restauración, Reconstrucción o Remodelación y Reparación de Inmuebles","GRANDE","NO","Por Item",3702704152.409091,"Declaración Jurada","39000000-72000000",-94.54545454545453,-92.63636363636363,"cluster_110"
"Contratación por Excepción","Productos Alimenticios","MIPYME","NO","Por Item",614656108.1162786,"NULL","12000000-50000000",-2.558139534883722,-13.604651162790699,"cluster_111"
"Licitación Pública Nacional","Maquinarias, Equipos y herramientas mayores - Equipos de transporte","MIPYME","NO","Por Item",1855252971.3292675,"Póliza","80000000",16.024390243902438,24.914634146341463,"cluster_112"
"Licitación Pública Nacional","Materiales e insumos eléctricos, metálicos y no metálicos, Plásticos, cauchos. Repuestos, herramientas, cámaras y cubiertas.","GRANDE","SI","Por Item",23144567195.333332,"Póliza","11000000-15000000-20000000-21000000-22000000-23000000-24000000-25000000-26000000-27000000-30000000-31000000-32000000-39000000-40000000-41000000-43000000-46000000",112.88888888888887,124.55555555555557,"cluster_113"
"Contratación por Excepción","Equipos, Productos e instrumentales Médicos y de Laboratorio. Servicios asistenciales de salud","GRANDE","NO","Por Item",80899685775.47368,"Póliza","51000000",1.421052631578947,14.508771929824562,"cluster_114"
"Concurso de Ofertas","Equipos, accesorios y programas computacionales, de oficina, educativos, de imprenta, de comunicación y señalamiento","GRANDE","NO","Por Total",1717124099.999999,"Póliza","43000000",126.99999999999999,137.8,"cluster_115"
"BID - Licitación Internacional","Construcción, Restauración, Reconstrucción o Remodelación y Reparación de Inmuebles","GRANDE","SI","Por Lote",57923271997.84782,"Póliza","72000000",34.97826086956522,58.06521739130436,"cluster_116"
"Contratación por Excepción","Equipos, Productos e instrumentales Médicos y de Laboratorio. Servicios asistenciales de salud","GRANDE","NO","Por Total",1786722314.1333342,"NULL","85000000-92000000",-65.46666666666667,-72.26666666666667,"cluster_117"
"Licitación Pública Nacional","Equipos, accesorios y programas computacionales, de oficina, educativos, de imprenta, de comunicación y señalamiento","GRANDE","NO","Por Total",2269261405.3225803,"Póliza","43000000",17.436724565756826,31.751861042183624,"cluster_118"
"Licitación Pública Nacional","Materiales e insumos eléctricos, metálicos y no metálicos, Plásticos, cauchos. Repuestos, herramientas, cámaras y cubiertas.","MIPYME","NO","Por Item",3468185065.8056684,"Póliza","14000000-31000000-43000000-44000000-55000000-60000000",28.020242914979757,37.33198380566802,"cluster_119"
"Concurso de Ofertas","Servicios de Limpiezas, Mantenimientos y reparaciones menores y mayores de Instalaciones, Maquinarias y Vehículos","MIPYME","SI","Por Total",482578461.2096214,"Póliza","78000000",9.927835051546392,18.872852233676976,"cluster_120"
"Contratación por Excepción","Construcción, Restauración, Reconstrucción o Remodelación y Reparación de Inmuebles","GRANDE","NO","Por Lote",77241045398.33333,"Póliza","72000000",9.833333333333334,14.972222222222221,"cluster_121"
"Licitación Pública Nacional","Productos Alimenticios","GRANDE","NO","Por Lote",7523758593.288288,"Póliza","50000000",45.711711711711715,54.657657657657666,"cluster_122"
"Locación de Inmuebles","Adquisición y Locación de inmuebles. Alquiler de muebles","MIPYME","NO","Por Item",323000000,"Póliza","80000000",-252.99999999999997,-253.00000000000003,"cluster_123"
"Contratación por Excepción","Servicios de Limpiezas, Mantenimientos y reparaciones menores y mayores de Instalaciones, Maquinarias y Vehículos","GRANDE","SI","Por Total",195831908.71717262,"Declaración Jurada","73000000",2.050505050505051,6.993265993265991,"cluster_124"
"Contratación por Excepción","Construcción, Restauración, Reconstrucción o Remodelación y Reparación de Inmuebles","MIPYME","NO","Por Total",117275000,"Declaración Jurada","72000000-76000000",-293,-292,"cluster_125"
"Licitación Pública Nacional","Productos Alimenticios","MIPYME","SI","Por Lote",20362849431.210144,"Póliza","10000000-12000000-50000000",10.028985507246377,22.34057971014493,"cluster_126"
"Licitación Pública Nacional","Equipos, Productos e instrumentales Médicos y de Laboratorio. Servicios asistenciales de salud","GRANDE","SI","Por Item",25153129835.898552,"Póliza","42000000",8.492753623188406,147.9275362318841,"cluster_127"
"Licitación Pública Nacional","Equipos, Productos e instrumentales Médicos y de Laboratorio. Servicios asistenciales de salud","MIPYME","NO","Por Item",2864742893.7500005,"Póliza","39000000-42000000",183.25,232.74999999999997,"cluster_128"
"Licitación Pública Nacional","Materiales e insumos eléctricos, metálicos y no metálicos, Plásticos, cauchos. Repuestos, herramientas, cámaras y cubiertas.","GRANDE","SI","Por Item",1258400000,"Póliza","26000000-30000000-31000000-39000000-40000000",166,181,"cluster_129"
"Licitación Pública Nacional","Equipos, Productos e instrumentales Médicos y de Laboratorio. Servicios asistenciales de salud","GRANDE","NO","Por Item",5399171757.791667,"Póliza","42000000",96.74999999999999,130.33333333333334,"cluster_130"
"Licitación Pública Nacional","Equipos, Productos e instrumentales Médicos y de Laboratorio. Servicios asistenciales de salud","GRANDE","SI","Por Item",8672632946.586744,"Póliza","51000000",19.309941520467838,34.711500974658875,"cluster_131"
"Licitación Pública Nacional","Equipos, Productos e instrumentales Médicos y de Laboratorio. Servicios asistenciales de salud","GRANDE","SI","Por Item",6971297376.269842,"NULL","10000000-11000000-14000000-15000000-23000000-24000000-25000000-27000000-30000000-31000000-41000000-44000000-46000000-47000000-49000000-52000000-53000000-55000000-56000000-60000000-90000000",-20.85714285714285,6.428571428571438,"cluster_132"
"Contratación Directa","Seguros","GRANDE","NO","Por Total",85133777.34804916,"Declaración Jurada","84000000",6.142547033285093,12.46671490593344,"cluster_133"
"Contratación por Excepción","Servicios de Limpiezas, Mantenimientos y reparaciones menores y mayores de Instalaciones, Maquinarias y Vehículos","GRANDE","NO","Por Lote",708004136.6000004,"Póliza","78000000",-68.06666666666665,-64.6,"cluster_134"
"Contratación Directa","Utiles de oficina, Productos de papel y cartón e impresos","MIPYME","NO","Por Item",53311659.17401314,"Declaración Jurada","44000000",3.190814040328614,8.954817027632558,"cluster_135"
"Licitación Pública Nacional","Equipos, Productos e instrumentales Médicos y de Laboratorio. Servicios asistenciales de salud","GRANDE","SI","Por Item",69972767313.50945,"Póliza","51000000",43.22641509433963,76.18867924528301,"cluster_136"
"Contratación por Excepción","Equipos, Productos e instrumentales Médicos y de Laboratorio. Servicios asistenciales de salud","GRANDE","SI","Por Lote",19942752960,"NULL","41000000-42000000",-317,-326,"cluster_137"
"Licitación Pública Nacional","Utiles de oficina, Productos de papel y cartón e impresos","GRANDE","NO","Por Item",2081203117.1489363,"Póliza","44000000",76.76595744680851,89.19148936170214,"cluster_138"
"Licitación Pública Nacional","Equipos, Productos e instrumentales Médicos y de Laboratorio. Servicios asistenciales de salud","GRANDE","SI","Por Lote",195169230652.5555,"Póliza","51000000",9.737373737373737,37.141414141414145,"cluster_139"
"Concurso de Ofertas","Servicios de Limpiezas, Mantenimientos y reparaciones menores y mayores de Instalaciones, Maquinarias y Vehículos","MIPYME","SI","Por Lote",576119415.2252254,"Póliza","72000000",12.391891891891891,20.454954954954957,"cluster_140"
"Contratación por Excepción","Equipos, Productos e instrumentales Médicos y de Laboratorio. Servicios asistenciales de salud","GRANDE","NO","Por Item",46618402200,"NULL","42000000-51000000",0,-70,"cluster_141"
"Contratación por Excepción","Equipos, Productos e instrumentales Médicos y de Laboratorio. Servicios asistenciales de salud","GRANDE","NO","Por Item",14193361905.38095,"NULL","51000000",-6.523809523809524,-162.92857142857144,"cluster_142"
"Licitación Pública Nacional","Utiles de oficina, Productos de papel y cartón e impresos","GRANDE","SI","Por Item",6499675892.518518,"Póliza","12000000-44000000",18.74074074074074,116.59259259259258,"cluster_143"
"Licitación Pública Nacional","Construcción, Restauración, Reconstrucción o Remodelación y Reparación de Inmuebles","GRANDE","SI","Por Total",4822792884.366,"Póliza","72000000",16.772000000000002,28.046000000000003,"cluster_144"
"Licitación Pública Nacional","Equipos, Productos e instrumentales Médicos y de Laboratorio. Servicios asistenciales de salud","GRANDE","SI","Por Lote",347973796112.4546,"Póliza","51000000",6.75,41.977272727272734,"cluster_145"
"Contratación por Excepción","Servicios de Limpiezas, Mantenimientos y reparaciones menores y mayores de Instalaciones, Maquinarias y Vehículos","GRANDE","NO","Por Total",599700893.8148146,"NULL","72000000",-5.814814814814817,-40.018518518518505,"cluster_146"
"Licitación Pública Nacional","Equipos, Productos e instrumentales Médicos y de Laboratorio. Servicios asistenciales de salud","GRANDE","SI","Por Lote",15158765385.727272,"Póliza","41000000-42000000-51000000",59.18181818181817,146.95454545454544,"cluster_147"
"Contratación Directa","Servicios de ceremonial, gastronomico y funerarios","MIPYME","NO","Por Total",49975965.6458807,"Declaración Jurada","90000000",5.026173979984604,11.843725943033114,"cluster_148"
"Concurso de Ofertas","Equipos, accesorios y programas computacionales, de oficina, educativos, de imprenta, de comunicación y señalamiento","GRANDE","NO","Por Item",563947225.046154,"Póliza","39000000-43000000-44000000",70.96923076923076,86.56923076923076,"cluster_149"
"Contratación por Excepción","Equipos, Productos e instrumentales Médicos y de Laboratorio. Servicios asistenciales de salud","GRANDE","NO","Por Lote",18547421645.508194,"NULL","51000000",-2.1639344262295097,-19.311475409836067,"cluster_150"
"Concurso de Ofertas","Servicios Técnicos","MIPYME","SI","Por Total",1045625350,"Póliza","81000000",176.66666666666666,183.33333333333334,"cluster_151"
"Licitación Pública Nacional","Maquinarias, Equipos y herramientas mayores - Equipos de transporte","GRANDE","NO","Por Item",3436658976.5010266,"Póliza","25000000",16.451745379876797,28.811088295687885,"cluster_152"
"Licitación Pública Nacional","Consultorías, Asesorías e Investigaciones. Estudios y Proyectos de inversión","GRANDE","SI","Por Total",3985083572.891403,"Póliza","81000000",19.452488687782804,30.09049773755656,"cluster_153"
"Licitación Pública Internacional","Materiales e insumos eléctricos, metálicos y no metálicos, Plásticos, cauchos. Repuestos, herramientas, cámaras y cubiertas.","GRANDE","SI","Combinado",5979894.000000954,"Póliza","31000000-39000000",35,61,"cluster_154"
"Contratación Directa","Materiales e insumos eléctricos, metálicos y no metálicos, Plásticos, cauchos. Repuestos, herramientas, cámaras y cubiertas.","GRANDE","NO","Por Total",111707301.5,"Declaración Jurada","44000000",211.5,214.5,"cluster_155"
"Licitación Pública Nacional","Construcción, Restauración, Reconstrucción o Remodelación y Reparación de Inmuebles","GRANDE","SI","Por Item",117860000000,"NULL","72000000-81000000",9,35.99999999999999,"cluster_156"
"Concurso de Ofertas","Utiles de oficina, Productos de papel y cartón e impresos","GRANDE","NO","Por Lote",323074298.2943039,"Póliza","44000000",8.375,18.063291139240505,"cluster_157"
"Contratación Directa","Materiales e insumos eléctricos, metálicos y no metálicos, Plásticos, cauchos. Repuestos, herramientas, cámaras y cubiertas.","MIPYME","NO","Por Total",38776483.67268562,"Declaración Jurada","81000000",6.903453689167975,13.399529042386192,"cluster_158"
"Licitación Pública Nacional","Equipos, Productos e instrumentales Médicos y de Laboratorio. Servicios asistenciales de salud","GRANDE","NO","Por Item",2013930625.000001,"Póliza","42000000-51000000",158.625,168.50000000000003,"cluster_159"
"Licitación Pública Nacional","Construcción, Restauración, Reconstrucción o Remodelación y Reparación de Inmuebles","GRANDE","SI","Por Lote",414895878466.30774,"Póliza","72000000",29.76923076923077,41.30769230769231,"cluster_160"
"Licitación Pública Nacional","Equipos, accesorios y programas computacionales, de oficina, educativos, de imprenta, de comunicación y señalamiento","GRANDE","SI","Por Total",5569431044.644736,"Póliza","90000000",61.710526315789465,74.56578947368422,"cluster_161"
"Licitación Pública Nacional","Equipos, Productos e instrumentales Médicos y de Laboratorio. Servicios asistenciales de salud","GRANDE","SI","Por Item",9515763714.992249,"Póliza","51000000",8.0968992248062,24.17054263565892,"cluster_162"
"Contratación por Excepción","Servicios de Limpiezas, Mantenimientos y reparaciones menores y mayores de Instalaciones, Maquinarias y Vehículos","GRANDE","NO","Por Total",1000578141.7647057,"NULL","73000000",-13.823529411764703,-75.35294117647061,"cluster_163"
"Licitación Pública Nacional","Materiales e insumos eléctricos, metálicos y no metálicos, Plásticos, cauchos. Repuestos, herramientas, cámaras y cubiertas.","MIPYME","SI","Por Item",20471612585.285713,"Póliza","11000000-15000000-20000000-21000000-22000000-23000000-24000000-25000000-26000000-27000000-30000000-31000000-32000000-39000000-40000000-41000000-43000000-46000000",111.14285714285714,120.57142857142857,"cluster_164"
"Licitación Pública Nacional","Construcción, Restauración, Reconstrucción o Remodelación y Reparación de Inmuebles","GRANDE","SI","Por Lote",477035830954,"Póliza","39000000",26.2,32.6,"cluster_165"
"Licitación Pública Nacional","Equipos, Productos e instrumentales Médicos y de Laboratorio. Servicios asistenciales de salud","GRANDE","SI","Por Lote",26055189516.747665,"Póliza","41000000",12.018691588785046,77.76635514018692,"cluster_166"
"Contratación por Excepción","Consultorías, Asesorías e Investigaciones. Estudios y Proyectos de inversión","GRANDE","NO","Por Item",169634315.08264446,"Declaración Jurada","80000000",1.6033057851239674,6.272727272727273,"cluster_167"
"Concurso de Ofertas","Consultorías, Asesorías e Investigaciones. Estudios y Proyectos de inversión","MIPYME","NO","Por Total",281186397.6903229,"Póliza","81000000",8.625806451612902,14.541935483870969,"cluster_168"
"Licitación Pública Nacional","Construcción, Restauración, Reconstrucción o Remodelación y Reparación de Inmuebles","MIPYME","NO","Por Lote",3590360470.0960965,"Póliza","72000000",16.843843843843842,26.804804804804807,"cluster_169"
"Contratación Directa","Equipos, accesorios y programas computacionales, de oficina, educativos, de imprenta, de comunicación y señalamiento","MIPYME","NO","Por Item",62338943.67362404,"Declaración Jurada","43000000",4.151304347826086,10.497971014492755,"cluster_170"
"Contratación por Excepción","Consultorías, Asesorías e Investigaciones. Estudios y Proyectos de inversión","MIPYME","NO","Por Total",125098627,"Declaración Jurada","80000000",-21.761904761904763,-18.52380952380953,"cluster_171"
"Licitación Pública Nacional","Equipos, Productos e instrumentales Médicos y de Laboratorio. Servicios asistenciales de salud","MIPYME","NO","Por Item",1676118019.166667,"Póliza","39000000-41000000-42000000",263.8333333333333,285,"cluster_172"
"Contratación Directa","Combustibles y Lubricantes","GRANDE","NO","Por Total",96100564.58905125,"Declaración Jurada","15000000",4.8043795620437955,10.680291970802926,"cluster_173"
"Contratación por Excepción","Construcción, Restauración, Reconstrucción o Remodelación y Reparación de Inmuebles","GRANDE","NO","Por Item",2590132823.037736,"Póliza","72000000",-32.339622641509436,-33.67924528301886,"cluster_174"
"Contratación por Excepción","Construcción, Restauración, Reconstrucción o Remodelación y Reparación de Inmuebles","GRANDE","SI","Por Lote",258294582914.18185,"Póliza","72000000",7.181818181818182,15.181818181818182,"cluster_175"
"Concurso de Ofertas","Servicios de Limpiezas, Mantenimientos y reparaciones menores y mayores de Instalaciones, Maquinarias y Vehículos","GRANDE","SI","Por Lote",607105669.9573469,"Póliza","78000000",7.246445497630331,14.169036334913113,"cluster_176"
"Concurso de Ofertas","Utiles de oficina, Productos de papel y cartón e impresos","MIPYME","NO","Por Lote",297930089.82842255,"Póliza","14000000-31000000-43000000-44000000-55000000-60000000",8.270363951473136,14.870017331022531,"cluster_177"
"Contratación Directa","Servicios Técnicos","GRANDE","SI","Por Total",55595204.252266884,"Declaración Jurada","81000000",9.856495468277945,18.3595166163142,"cluster_178"
"Contratación por Excepción","Equipos, Productos e instrumentales Médicos y de Laboratorio. Servicios asistenciales de salud","GRANDE","NO","Por Lote",14978010701.249998,"NULL","41000000",-4.083333333333336,-203.25000000000003,"cluster_179"
"Licitación Pública Nacional","Consultorías, Asesorías e Investigaciones. Estudios y Proyectos de inversión","GRANDE","SI","Por Total",2940263062.2500005,"Póliza","81000000",204.50000000000003,213.75,"cluster_180"
"Contratación por Excepción","Construcción, Restauración, Reconstrucción o Remodelación y Reparación de Inmuebles","GRANDE","SI","Por Item",6712211080.916667,"NULL","72000000",-9.055555555555557,-16.333333333333332,"cluster_181"
"Contratación Directa","Servicios de Limpiezas, Mantenimientos y reparaciones menores y mayores de Instalaciones, Maquinarias y Vehículos","GRANDE","SI","Por Lote",241505803.4433956,"Declaración Jurada","72000000",9.64622641509434,17.27358490566038,"cluster_182"
"Contratación por Excepción","Servicios de Limpiezas, Mantenimientos y reparaciones menores y mayores de Instalaciones, Maquinarias y Vehículos","GRANDE","NO","Por Total",906729483.833333,"Declaración Jurada","72000000",-50.111111111111114,-47.02777777777777,"cluster_183"
"Contratación Directa","Construcción, Restauración, Reconstrucción o Remodelación y Reparación de Inmuebles","GRANDE","NO","Por Total",198157913.14285755,"Declaración Jurada","72000000",110.14285714285714,122.85714285714288,"cluster_184"
"Licitación Pública Nacional","Seguros","GRANDE","NO","Por Total",916318162,"Póliza","84000000",249,265,"cluster_185"
"Licitación Pública Nacional","Equipos, Productos e instrumentales Médicos y de Laboratorio. Servicios asistenciales de salud","GRANDE","SI","Por Item",10972638000.41195,"Póliza","41000000-42000000",36.660377358490564,48.48427672955975,"cluster_186"
"Contratación por Excepción","Seguros","GRANDE","SI","Por Item",4500000000,"Póliza","84000000",-123,-120,"cluster_187"
"BM - Licitación Pública Internacional - LPI","Maquinarias, Equipos y herramientas mayores - Equipos de transporte","GRANDE","NO","Por Lote",4046406383.385965,"Póliza","25000000",30.999999999999996,54.684210526315795,"cluster_188"
"Concurso de Ofertas","Servicios de ceremonial, gastronomico y funerarios","MIPYME","NO","Por Total",199824722.36363602,"Póliza","90000000",94.18181818181819,99.81818181818183,"cluster_189"
"Concurso de Ofertas","Publicidad y Propaganda","MIPYME","SI","Por Total",204352449.90751457,"Póliza","82000000",8.878612716763005,16.67630057803468,"cluster_190"
"Contratación Directa","Materiales e insumos eléctricos, metálicos y no metálicos, Plásticos, cauchos. Repuestos, herramientas, cámaras y cubiertas.","MIPYME","NO","Por Lote",160349962.00458717,"Póliza","72000000",1.784403669724771,7.5091743119266035,"cluster_191"
"Licitación Pública Internacional","Construcción, Restauración, Reconstrucción o Remodelación y Reparación de Inmuebles","GRANDE","SI","Por Lote",185611761.23076916,"Póliza","72000000",95.3076923076923,112.07692307692307,"cluster_192"
"Licitación Pública Nacional","Productos Alimenticios","GRANDE","NO","Por Lote",8730809692.130878,"Póliza","50000000",15.378323108384459,24.676891615541926,"cluster_193"
"Contratación Directa","Elementos e insumos de limpieza","MIPYME","NO","Por Item",45087824.81560421,"Declaración Jurada","12000000-47000000-53000000",8.01114488348531,14.9564336372847,"cluster_194"
"Concurso de Ofertas","Construcción, Restauración, Reconstrucción o Remodelación y Reparación de Inmuebles","GRANDE","SI","Por Total",431368062.2483845,"Póliza","72000000",7.01940491591203,13.02069857697283,"cluster_195"
"Contratación Directa","Servicios Técnicos","MIPYME","NO","Por Total",40678968.14721966,"Declaración Jurada","82000000",3.6105834464043403,10.285617367706923,"cluster_196"
"Locación de Inmuebles","Adquisición y Locación de inmuebles. Alquiler de muebles","GRANDE","NO","Por Total",206137684.79999924,"Póliza","80000000",-81.7,-75.49999999999999,"cluster_197"
"Licitación Pública Nacional","Servicios Técnicos","MIPYME","SI","Por Lote",4227874229.4367094,"Póliza","70000000",18.78481012658228,30.87341772151899,"cluster_198"
"Contratación Directa","Utiles de oficina, Productos de papel y cartón e impresos","GRANDE","NO","Por Lote",71898932.64747524,"Declaración Jurada","44000000",5.105403011514614,10.806908768821977,"cluster_199"
"Contratación por Excepción","Equipos, Productos e instrumentales Médicos y de Laboratorio. Servicios asistenciales de salud","GRANDE","NO","Por Lote",7673817132.274194,"Póliza","78000000",3.946236559139785,11.983870967741936,"cluster_200"
"Contratación por Excepción","Construcción, Restauración, Reconstrucción o Remodelación y Reparación de Inmuebles","MIPYME","NO","Por Total",1038911988.069767,"NULL","72000000",-33.18604651162791,-46.883720930232556,"cluster_201"
"Contratación Directa","Equipos, accesorios y programas computacionales, de oficina, educativos, de imprenta, de comunicación y señalamiento","MIPYME","NO","Por Total",108983473.16666794,"Declaración Jurada","43000000",53.156862745098024,57.941176470588246,"cluster_202"
"Contratación Directa","Maquinarias, Equipos y herramientas mayores - Equipos de transporte","MIPYME","SI","Por Total",78886565.31275845,"Declaración Jurada","25000000",1.818930041152262,6.786008230452671,"cluster_203"
"Concurso de Ofertas","Productos Alimenticios","MIPYME","SI","Por Item",449593695.32402134,"Póliza","50000000",7.528864059590316,13.584729981378027,"cluster_204"
"Contratación Directa","Servicios de Limpiezas, Mantenimientos y reparaciones menores y mayores de Instalaciones, Maquinarias y Vehículos","MIPYME","SI","Por Lote",113724640.93302345,"Declaración Jurada","81000000",3.946882217090068,10.147806004618936,"cluster_205"
"Licitación Pública Nacional","Combustibles y Lubricantes","GRANDE","NO","Por Lote",3052288747.3350253,"Póliza","15000000",19.601522842639596,28.964467005076138,"cluster_206"
"Licitación Pública Nacional","Equipos, Productos e instrumentales Médicos y de Laboratorio. Servicios asistenciales de salud","GRANDE","SI","Por Item",280445679283.3333,"Póliza","51000000",7.277777777777777,61.05555555555556,"cluster_207"
"Licitación Pública Nacional","Equipos, Productos e instrumentales Médicos y de Laboratorio. Servicios asistenciales de salud","GRANDE","SI","Por Item",40196457954.29411,"Póliza","39000000-41000000-42000000-47000000-49000000",153.58823529411762,282.1764705882353,"cluster_208"
"Licitación Pública Nacional","Pasajes y Transportes","GRANDE","SI","Por Total",2329945513.3600006,"Póliza","78000000",15.251428571428573,24.63142857142857,"cluster_209"
"Licitación Pública Nacional","Servicios de Limpiezas, Mantenimientos y reparaciones menores y mayores de Instalaciones, Maquinarias y Vehículos","MIPYME","SI","Por Total",2120992837.950704,"Póliza","78000000",21.76056338028169,38.443661971830984,"cluster_210"
"Concurso de Ofertas","Utiles de oficina, Productos de papel y cartón e impresos","GRANDE","NO","Por Item",471675939.99999905,"Póliza","14000000-44000000-60000000",103,107.29999999999998,"cluster_211"
"Licitación Pública Nacional","Utiles de oficina, Productos de papel y cartón e impresos","GRANDE","SI","Por Lote",1350219845.6131392,"Póliza","44000000",15.211678832116789,23.59124087591241,"cluster_212"
"Licitación Pública Nacional","Servicios de Limpiezas, Mantenimientos y reparaciones menores y mayores de Instalaciones, Maquinarias y Vehículos","MIPYME","NO","Por Total",2332269628.375,"Póliza","41000000-42000000",9.275,85.35000000000002,"cluster_213"
"Licitación Pública Nacional","Equipos, Productos e instrumentales Médicos y de Laboratorio. Servicios asistenciales de salud","GRANDE","NO","Por Item",3446350475.9365077,"Póliza","42000000-51000000",14.930402930402934,26.61050061050061,"cluster_214"
"Contratación Directa","Equipos, Productos e instrumentales Médicos y de Laboratorio. Servicios asistenciales de salud","GRANDE","NO","Por Item",77003625.55555725,"Declaración Jurada","41000000-42000000",5.131124913733609,11.905452035886828,"cluster_215"
"Licitación Pública Nacional","Construcción, Restauración, Reconstrucción o Remodelación y Reparación de Inmuebles","MIPYME","SI","Por Lote",9298442345.897959,"Póliza","72000000",55.95918367346938,65.28571428571429,"cluster_216"
"Licitación Pública Nacional","Equipos, accesorios y programas computacionales, de oficina, educativos, de imprenta, de comunicación y señalamiento","MIPYME","SI","Por Item",4702200069.407408,"Póliza","43000000",60.62962962962963,71.31481481481482,"cluster_217"
"Licitación Pública Nacional","Utiles de oficina, Productos de papel y cartón e impresos","GRANDE","NO","Por Lote",2136384244.6813731,"Póliza","44000000",36.25,48.70098039215686,"cluster_218"
"Licitación Pública Nacional","Equipos, Productos e instrumentales Médicos y de Laboratorio. Servicios asistenciales de salud","GRANDE","NO","Por Item",3903233759.469879,"Póliza","42000000",17.987951807228917,79.86746987951807,"cluster_219"
"Licitación Pública Nacional","Equipos, Productos e instrumentales Médicos y de Laboratorio. Servicios asistenciales de salud","GRANDE","SI","Por Lote",9571186748.327272,"Póliza","12000000-23000000-41000000-42000000-46000000-51000000-53000000",76.03636363636365,87.03636363636363,"cluster_220"
"Licitación Pública Nacional","Construcción, Restauración, Reconstrucción o Remodelación y Reparación de Inmuebles","GRANDE","SI","Por Item",279879152417.6944,"Póliza","72000000",28.138888888888893,40.94444444444444,"cluster_221"
"Contratación por Excepción","Equipos Militares y de Seguridad. Servicio de Seguridad y Vigilancia","GRANDE","SI","Por Item",59118315714.28571,"Póliza","46000000",12.428571428571429,16,"cluster_222"
"Licitación Pública Nacional","Construcción, Restauración, Reconstrucción o Remodelación y Reparación de Inmuebles","GRANDE","SI","Por Lote",6349333488.126829,"Póliza","90000000",9.13170731707317,20.697560975609758,"cluster_223"
"Licitación Pública Nacional","Capacitaciones y Adiestramientos","MIPYME","SI","Por Item",12953442757.877888,"Póliza","80000000-86000000",18.643564356435643,26.188118811881193,"cluster_224"
"Concurso de Ofertas","Equipos, accesorios y programas computacionales, de oficina, educativos, de imprenta, de comunicación y señalamiento","GRANDE","NO","Por Item",398105231.6638918,"Póliza","43000000-44000000",12.266222961730449,23.136439267886857,"cluster_225"
"Concurso de Ofertas","Construcción, Restauración, Reconstrucción o Remodelación y Reparación de Inmuebles","MIPYME","NO","Por Total",494987991.53043556,"Póliza","72000000",22.69130434782609,29.11304347826087,"cluster_226"
"Contratación Directa","Servicios Técnicos","GRANDE","SI","Por Lote",151467571.36407757,"Declaración Jurada","82000000",5.441747572815534,13.616504854368932,"cluster_227"
"Contratación Directa","Consultorías, Asesorías e Investigaciones. Estudios y Proyectos de inversión","GRANDE","NO","Por Total",108305741.0205698,"Póliza","80000000",3.5110759493670862,9.672468354430386,"cluster_228"
"Licitación Pública Nacional","Construcción, Restauración, Reconstrucción o Remodelación y Reparación de Inmuebles","GRANDE","SI","Por Item",541079576126.4,"Póliza","72000000",37.6,47,"cluster_229"
"Licitación Pública Nacional","Construcción, Restauración, Reconstrucción o Remodelación y Reparación de Inmuebles","GRANDE","NO","Por Lote",4191955307.4911118,"Póliza","72000000",15.415555555555557,25.264444444444447,"cluster_230"
"Concurso de Ofertas","Servicios de Limpiezas, Mantenimientos y reparaciones menores y mayores de Instalaciones, Maquinarias y Vehículos","GRANDE","SI","Por Total",987097110.8904114,"Póliza","73000000",8.863013698630137,62.47945205479452,"cluster_231"
"Contratación por Excepción","Servicios de Limpiezas, Mantenimientos y reparaciones menores y mayores de Instalaciones, Maquinarias y Vehículos","GRANDE","NO","Por Total",411755169.5128212,"NULL","73000000",-0.24786324786324876,-1.6581196581196593,"cluster_232"
"Licitación Pública Nacional","Productos Alimenticios","MIPYME","NO","Por Total",2702421988.6378374,"Póliza","50000000",12.772972972972973,22.27027027027027,"cluster_233"
"Licitación Pública Nacional","Equipos, Productos e instrumentales Médicos y de Laboratorio. Servicios asistenciales de salud","GRANDE","SI","Por Item",10439087616.56,"Póliza","42000000",122.64000000000001,137.52,"cluster_234"
"Licitación Pública Nacional","Servicios Técnicos","GRANDE","SI","Por Item",88884288567.14285,"Póliza","70000000",21.952380952380956,30.285714285714285,"cluster_235"
"Concurso de Ofertas","Servicios de ceremonial, gastronomico y funerarios","GRANDE","NO","Por Total",411301589.5925417,"Póliza","12000000-51000000-53000000",10.435082872928177,17.145027624309392,"cluster_28"
"Contratación Directa","Utiles de oficina, Productos de papel y cartón e impresos","MIPYME","NO","Por Item",51586623.41068649,"Declaración Jurada","44000000",17.297161936560936,23.422370617696163,"cluster_237"
"Locación de Inmuebles","Adquisición y Locación de inmuebles. Alquiler de muebles","GRANDE","SI","Por Total",231941269.10648155,"Declaración Jurada","80000000",3.439814814814814,11.75925925925926,"cluster_238"
"Licitación Pública Nacional","Muebles y Enseres","MIPYME","NO","Por Item",1179438827.401826,"Póliza","56000000",13.246575342465754,25.61187214611872,"cluster_239"
"Contratación por Excepción","Equipos, Productos e instrumentales Médicos y de Laboratorio. Servicios asistenciales de salud","GRANDE","NO","Por Total",1470182037.333333,"Declaración Jurada","42000000-51000000",-134.2,-138.26666666666668,"cluster_240"
"Licitación Pública Nacional","Equipos, Productos e instrumentales Médicos y de Laboratorio. Servicios asistenciales de salud","GRANDE","SI","Por Lote",10840534500,"Póliza","41000000-42000000",257,264,"cluster_241"
"Locación de Inmuebles","Adquisición y Locación de inmuebles. Alquiler de muebles","GRANDE","NO","Por Item",412579893.0639353,"Póliza","80000000",3.190163934426228,7.519672131147551,"cluster_242"
"Licitación Pública Nacional","Equipos, Productos e instrumentales Médicos y de Laboratorio. Servicios asistenciales de salud","GRANDE","SI","Por Lote",8270103400,"Póliza","42000000",288,377,"cluster_243"
"Contratación por Excepción","Combustibles y Lubricantes","GRANDE","NO","Por Total",1296671249.9411764,"Póliza","15000000",-23.97058823529412,-23.470588235294112,"cluster_244"
"Contratación Directa","Equipos, accesorios y programas computacionales, de oficina, educativos, de imprenta, de comunicación y señalamiento","MIPYME","NO","Por Total",57522600.166101456,"Declaración Jurada","78000000",1.6822033898305087,7.019491525423735,"cluster_245"
"Concurso de Ofertas","Servicios de ceremonial, gastronomico y funerarios","MIPYME","SI","Por Total",456443973.86561203,"Póliza","51000000",6.120553359683794,12.988142292490117,"cluster_24"
"Licitación Pública Nacional","Equipos, Productos e instrumentales Médicos y de Laboratorio. Servicios asistenciales de salud","GRANDE","SI","Por Lote",12843535644.836735,"Póliza","42000000",48.34013605442176,64.02040816326532,"cluster_247"
"Licitación Pública Nacional","Utiles de oficina, Productos de papel y cartón e impresos","GRANDE","NO","Por Item",2628444381.152753,"Póliza","80000000",17.758436944937834,27.47069271758437,"cluster_248"
"Contratación Directa","Equipos, accesorios y programas computacionales, de oficina, educativos, de imprenta, de comunicación y señalamiento","MIPYME","NO","Por Lote",65801330.76532841,"Declaración Jurada","43000000-44000000",6.120507399577166,11.849894291754755,"cluster_249"
"Contratación por Excepción","Construcción, Restauración, Reconstrucción o Remodelación y Reparación de Inmuebles","GRANDE","SI","Por Lote",5584056671.118644,"Póliza","72000000",36.728813559322035,51,"cluster_250"
"Licitación Pública Nacional","Equipos, Productos e instrumentales Médicos y de Laboratorio. Servicios asistenciales de salud","GRANDE","NO","Por Item",1532350000,"Póliza","39000000-41000000-42000000",431,501,"cluster_251"
"Licitación Pública Nacional","Maquinarias, Equipos y herramientas mayores - Equipos de transporte","GRANDE","SI","Por Item ",3273974700.842105,"Póliza","26000000",77.57894736842107,94.3157894736842,"cluster_252"
"Contratación por Excepción","Equipos, Productos e instrumentales Médicos y de Laboratorio. Servicios asistenciales de salud","GRANDE","NO","Por Item",1305590751.6111116,"NULL","42000000",-29.11111111111111,-81.16666666666666,"cluster_253"
"Licitación Pública Nacional","Adquisición y Locación de inmuebles. Alquiler de muebles","GRANDE","NO","Por Lote",2068530000,"Póliza","80000000",229,235.5,"cluster_254"
"Licitación Pública Nacional","Servicios de Limpiezas, Mantenimientos y reparaciones menores y mayores de Instalaciones, Maquinarias y Vehículos","GRANDE","SI","Por Lote",6245750687.190476,"Póliza","10000000-50000000",92.33333333333333,103.16666666666666,"cluster_255"
"Concurso de Ofertas","Equipos, Productos e instrumentales Médicos y de Laboratorio. Servicios asistenciales de salud","GRANDE","NO","Por Item",381741941.2142849,"Póliza","41000000-42000000",13.995016611295682,21.079734219269106,"cluster_256"
"Contratación por Excepción","Equipos, Productos e instrumentales Médicos y de Laboratorio. Servicios asistenciales de salud Equipos, Productos e i","GRANDE","NO","Por Item",55185827674.8276,"NULL","51000000",-7.27586206896552,-94.24137931034484,"cluster_257"
"Concurso de Ofertas","Equipos, Productos e instrumentales Médicos y de Laboratorio. Servicios asistenciales de salud","MIPYME","SI","Combinado",504450977.2592592,"Póliza","12000000-15000000-24000000-40000000-41000000-42000000-46000000-51000000",8.555555555555555,18.555555555555557,"cluster_258"
"Licitación Pública Nacional","Equipos, Productos e instrumentales Médicos y de Laboratorio. Servicios asistenciales de salud","GRANDE","SI","Por Item",16207027763.880829,"Póliza","41000000-42000000-46000000",10.471502590673575,67.81347150259067,"cluster_259"
"Licitación Pública Nacional","Equipos, accesorios y programas computacionales, de oficina, educativos, de imprenta, de comunicación y señalamiento","GRANDE","SI","Por Lote",3621291321.115671,"Póliza","43000000-81000000",11.955223880597016,26.06716417910448,"cluster_260"
"Licitación Pública Nacional","Equipos, accesorios y programas computacionales, de oficina, educativos, de imprenta, de comunicación y señalamiento","MIPYME","SI","Por Item",1797209333.333334,"Póliza","44000000",162.33333333333331,185.66666666666666,"cluster_261"
"Contratación Directa","Materiales e insumos eléctricos, metálicos y no metálicos, Plásticos, cauchos. Repuestos, herramientas, cámaras y cubiertas.","MIPYME","SI","Por Lote",96028586.62222195,"Declaración Jurada","90000000",10.055555555555555,17.66111111111111,"cluster_262"
"Concurso de Ofertas","Equipos, Productos e instrumentales Médicos y de Laboratorio. Servicios asistenciales de salud","MIPYME","SI","Por Total",256804157.19875717,"Póliza","72000000",7.469979296066253,13.933747412008282,"cluster_263"
"Contratación por Excepción","Servicios de Limpiezas, Mantenimientos y reparaciones menores y mayores de Instalaciones, Maquinarias y Vehículos","GRANDE","SI","Por Total",157531489.46545506,"Declaración Jurada","78000000",5.072727272727273,10.079999999999998,"cluster_264"
"Concurso de Ofertas","Productos quimicos","GRANDE","SI","Por Item",635897501.1584167,"Póliza","12000000-15000000-31000000-47000000",8.435643564356436,19.594059405940595,"cluster_265"
"Concurso de Ofertas","Consultorías, Asesorías e Investigaciones. Estudios y Proyectos de inversión","GRANDE","SI","Por Total",394307617.9728031,"Póliza","80000000",8.07949790794979,17.313807531380753,"cluster_266"
"Licitación Pública Nacional","Equipos, Productos e instrumentales Médicos y de Laboratorio. Servicios asistenciales de salud","GRANDE","SI","Combinado",17034001139.427183,"Póliza","12000000-40000000-41000000-42000000-45000000-46000000-47000000-51000000-52000000-53000000",14.747572815533978,29.300970873786408,"cluster_267"
"Contratación Directa","Combustibles y Lubricantes","GRANDE","SI","Por Item",66891862.953020096,"Declaración Jurada","15000000",11.771812080536913,19.073825503355703,"cluster_268"
"Contratación por Excepción","Equipos, Productos e instrumentales Médicos y de Laboratorio. Servicios asistenciales de salud","GRANDE","NO","Por Item",1064484427.666667,"NULL","11000000-12000000-41000000-42000000-46000000-47000000-51000000",-104.41666666666669,-114.20833333333334,"cluster_269"
"Licitación Pública Nacional","Equipos, Productos e instrumentales Médicos y de Laboratorio. Servicios asistenciales de salud","GRANDE","SI","Por Lote",73075440288.11763,"Póliza","51000000",39.15686274509803,51.23529411764706,"cluster_270"
"Contratación por Excepción","Construcción, Restauración, Reconstrucción o Remodelación y Reparación de Inmuebles","MIPYME","NO","Por Total",361138019.56470585,"NULL","72000000",-5.094117647058825,-16.670588235294115,"cluster_271"
"Contratación Directa","Seguros","GRANDE","SI","Por Total",434258211.0267868,"Póliza","84000000",4.234374999999998,11.24330357142857,"cluster_272"
"Licitación Pública Nacional","Equipos, Productos e instrumentales Médicos y de Laboratorio. Servicios asistenciales de salud","GRANDE","NO","Por Item",4579800026.547854,"Póliza","12000000-50000000",8.630363036303631,24.452145214521455,"cluster_273"
"Contratación por Excepción","Equipos, accesorios y programas computacionales, de oficina, educativos, de imprenta, de comunicación y señalamiento","GRANDE","SI","Por Total",1409075896.4534883,"Póliza","43000000",4.16279069767442,11.005813953488374,"cluster_274"
"Contratación Directa","Materiales e insumos eléctricos, metálicos y no metálicos, Plásticos, cauchos. Repuestos, herramientas, cámaras y cubiertas.","MIPYME","NO","Por Item",48111196.04603672,"Declaración Jurada","25000000",3.9063169164882225,11.45449678800857,"cluster_275"
"Contratación por Excepción","Equipos, Productos e instrumentales Médicos y de Laboratorio. Servicios asistenciales de salud","GRANDE","NO","Por Total",859976312.3673468,"Declaración Jurada","85000000",-21.95918367346939,-19.897959183673468,"cluster_276"
"Licitación Pública Nacional","Equipos, Productos e instrumentales Médicos y de Laboratorio. Servicios asistenciales de salud","GRANDE","NO","Por Item",4604252547.121951,"Póliza","42000000",65.52845528455285,76.83739837398373,"cluster_277"
"Licitación Pública Nacional","Equipos, Productos e instrumentales Médicos y de Laboratorio. Servicios asistenciales de salud","GRANDE","SI","Por Item",237387306042.5,"Póliza","12000000-51000000",10.4375,54.75,"cluster_278"
"Contratación por Excepción","Productos Alimenticios","GRANDE","NO","Por Item",411182064.5238085,"Declaración Jurada","50000000",-37.66666666666667,-33.47619047619048,"cluster_279"
"Licitación Pública Nacional","Equipos, Productos e instrumentales Médicos y de Laboratorio. Servicios asistenciales de salud","GRANDE","SI","Por Item",460897278179,"Póliza","51000000",40.999999999999986,109,"cluster_280"
"Contratación por Excepción","Equipos, Productos e instrumentales Médicos y de Laboratorio. Servicios asistenciales de salud","GRANDE","NO","Por Item",4994149857.566473,"NULL","51000000",-2.046242774566478,-19.624277456647402,"cluster_281"
"Concurso de Ofertas","Construcción, Restauración, Reconstrucción o Remodelación y Reparación de Inmuebles","MIPYME","NO","Por Lote",410427127.99031067,"Póliza","72000000",6.009689922480619,12.104651162790704,"cluster_282"
"Licitación Pública Nacional","Construcción, Restauración, Reconstrucción o Remodelación y Reparación de Inmuebles","MIPYME","NO","Por Lote",1907696390,"Póliza","72000000",141.8,152.39999999999998,"cluster_283"
"Licitación Pública Internacional","Construcción, Restauración, Reconstrucción o Remodelación y Reparación de Inmuebles","GRANDE","SI","Por Total",6829491033,"Póliza","81000000",41.2463768115942,56.18840579710145,"cluster_284"
"Licitación Pública Nacional","Utiles de oficina, Productos de papel y cartón e impresos","MIPYME","SI","Por Item",5138648187.409449,"Póliza","44000000",38.976377952755904,52.377952755905525,"cluster_285"
"Licitación Pública Nacional","Maquinarias, Equipos y herramientas mayores - Equipos de transporte","GRANDE","SI","Por Item",5342348828,"Póliza","25000000",14.119341563786008,25.925925925925927,"cluster_286"
"Licitación Pública Nacional","Equipos, accesorios y programas computacionales, de oficina, educativos, de imprenta, de comunicación y señalamiento","MIPYME","NO","Por Item",1766688488.9027777,"Póliza","43000000-44000000",14.152777777777779,31.02777777777778,"cluster_287"
"Licitación Pública Nacional","Construcción, Restauración, Reconstrucción o Remodelación y Reparación de Inmuebles","GRANDE","SI","Por Lote",26811003656.454544,"Póliza","72000000-82000000",16.67832167832168,25.713286713286713,"cluster_288"
"Licitación Pública Nacional","Equipos, Productos e instrumentales Médicos y de Laboratorio. Servicios asistenciales de salud","GRANDE","SI","Por Item",18322454308.307693,"Póliza","40000000-41000000-42000000",122.46153846153845,187,"cluster_289"
"Contratación por Excepción","Equipos, Productos e instrumentales Médicos y de Laboratorio. Servicios asistenciales de salud","GRANDE","SI","Por Item",16889614470.604166,"Póliza","41000000-42000000-46000000",2.770833333333333,12.875,"cluster_290"
"Contratación Directa","Servicios Técnicos","MIPYME","SI","Por Total",47461117.68199158,"Declaración Jurada","82000000",3.6915708812260526,10.837164750957854,"cluster_291"
"Licitación Pública Nacional","Equipos, accesorios y programas computacionales, de oficina, educativos, de imprenta, de comunicación y señalamiento","GRANDE","SI","Por Lote",50651900000,"Póliza","23000000-26000000-27000000-39000000-43000000-56000000-72000000-81000000-83000000-86000000",95,101,"cluster_292"
"Contratación Directa","Construcción, Restauración, Reconstrucción o Remodelación y Reparación de Inmuebles","MIPYME","NO","Por Total",101024058.05991364,"Declaración Jurada","72000000",4.824583075972822,9.683137739345277,"cluster_293"
"Contratación Directa","Equipos, accesorios y programas computacionales, de oficina, educativos, de imprenta, de comunicación y señalamiento","GRANDE","NO","Por Total",45625120.55123329,"Declaración Jurada","46000000",5.909867172675521,13.93833017077799,"cluster_294"
"Contratación Directa","Publicidad y Propaganda","GRANDE","NO","Por Total",87601962.2520647,"Póliza","82000000",7.128099173553719,13.223140495867769,"cluster_295"
"Concurso de Ofertas","Equipos, accesorios y programas computacionales, de oficina, educativos, de imprenta, de comunicación y señalamiento","MIPYME","NO","Por Item",441455674.44791603,"Póliza","12000000-47000000-53000000",25.312499999999996,34.067708333333336,"cluster_296"
"Contratación por Excepción","Equipos, Productos e instrumentales Médicos y de Laboratorio. Servicios asistenciales de salud","GRANDE","NO","Por Item",5631998682.333333,"Póliza","51000000",2.967741935483871,9.476702508960571,"cluster_297"
"Concurso de Ofertas","Maquinarias, Equipos y herramientas mayores - Equipos de transporte","GRANDE","NO","Por Lote",380214687.9906826,"Póliza","25000000",10.91304347826087,17.009316770186334,"cluster_298"
"Contratación Directa","Elementos e insumos de limpieza","MIPYME","NO","Por Item",50462608.84152031,"Declaración Jurada","47000000-53000000",3.0359218172213476,7.968304278922352,"cluster_299"
"Licitación Pública Nacional","Construcción, Restauración, Reconstrucción o Remodelación y Reparación de Inmuebles","MIPYME","SI","Por Lote",4668700529.897025,"Póliza","72000000",15.196796338672769,24.96109839816934,"cluster_300"
"Licitación Pública Nacional","Construcción, Restauración, Reconstrucción o Remodelación y Reparación de Inmuebles","GRANDE","SI","Por Lote",191948022524.7586,"Póliza","72000000",37.20689655172414,55.10344827586208,"cluster_301"
"Licitación Pública Nacional","Equipos, Productos e instrumentales Médicos y de Laboratorio. Servicios asistenciales de salud","GRANDE","SI","Por Lote",8194235518.143478,"Póliza","42000000-51000000-85000000",25.056521739130435,35.391304347826086,"cluster_302"
"Contratación Directa","Equipos, accesorios y programas computacionales, de oficina, educativos, de imprenta, de comunicación y señalamiento","GRANDE","NO","Por Item",62651250.17528343,"Declaración Jurada","43000000",13.368221941992434,19.94829760403531,"cluster_303"
"Contratación por Excepción","Equipos, Productos e instrumentales Médicos y de Laboratorio. Servicios asistenciales de salud","GRANDE","SI","Por Item",4016967600,"NULL","41000000-42000000",-215.6,-225.2,"cluster_304"
"Contratación Directa","Equipos, accesorios y programas computacionales, de oficina, educativos, de imprenta, de comunicación y señalamiento","GRANDE","NO","Por Total",180427476.3819437,"Póliza","81000000",1.802083333333333,8.090277777777775,"cluster_305"
"Concurso de Ofertas","Equipos, accesorios y programas computacionales, de oficina, educativos, de imprenta, de comunicación y señalamiento","MIPYME","NO","Por Total",562471123.4542255,"Póliza","43000000",7.295774647887324,16.933098591549296,"cluster_306"
"Contratación Directa","Muebles y Enseres","MIPYME","NO","Por Item",67883364.5508585,"Declaración Jurada","56000000",4.926934097421203,10.286532951289402,"cluster_307"
"Contratación Directa","Materiales e insumos eléctricos, metálicos y no metálicos, Plásticos, cauchos. Repuestos, herramientas, cámaras y cubiertas.","GRANDE","NO","Por Lote",56230769.14326286,"Declaración Jurada","25000000",7.319509896324223,12.89820923656928,"cluster_308"
"Contratación Directa","Utiles de oficina, Productos de papel y cartón e impresos","MIPYME","NO","Por Lote",62525883.98448753,"Declaración Jurada","14000000-44000000",4.428832116788319,9.82390510948906,"cluster_309"
"Contratación Directa","Productos quimicos","GRANDE","SI","Por Total",38048480.34339619,"Declaración Jurada","46000000",2.064150943396224,8.76037735849057,"cluster_310"
"Concurso de Ofertas","Pasajes y Transportes","GRANDE","SI","Por Total",331627603.08126163,"Póliza","78000000",5.434494195688225,11.870646766169148,"cluster_311"
"Contratación Directa","Construcción, Restauración, Reconstrucción o Remodelación y Reparación de Inmuebles","MIPYME","NO","Por Total",118964524.35124016,"Póliza","72000000",3.163518299881938,8.131641086186542,"cluster_312"
"Contratación por Excepción","Construcción, Restauración, Reconstrucción o Remodelación y Reparación de Inmuebles","GRANDE","NO","Por Item",13406648657.119658,"Póliza","72000000",5.538461538461538,11.743589743589743,"cluster_313"
"Concurso de Ofertas","Equipos, accesorios y programas computacionales, de oficina, educativos, de imprenta, de comunicación y señalamiento","MIPYME","NO","Por Lote",578978422.989502,"Póliza","43000000",9.417322834645669,18.133858267716537,"cluster_314"
"Licitación Pública Nacional","Equipos, Productos e instrumentales Médicos y de Laboratorio. Servicios asistenciales de salud","GRANDE","NO","Por Item",3858258153.0769224,"Póliza","12000000-23000000-41000000-42000000-46000000-51000000",40.0680473372781,49.133136094674555,"cluster_315"
"Concurso de Ofertas","Equipos, accesorios y programas computacionales, de oficina, educativos, de imprenta, de comunicación y señalamiento","MIPYME","NO","Por Item",341642053.9347286,"Póliza","39000000-43000000-44000000",6.618410041841004,13.5071129707113,"cluster_316"
"Contratación por Excepción","Maquinarias, Equipos y herramientas mayores - Equipos de transporte","GRANDE","SI","Por Total",1844212591.000001,"NULL","90000000",-6.9,-12.249999999999996,"cluster_317"
"Acuerdo Nacional","Productos Alimenticios","GRANDE","NO","Por Total",6899381475.789474,"Póliza","12000000",7.157894736842105,12.105263157894736,"cluster_318"
"Licitación Pública Nacional","Construcción, Restauración, Reconstrucción o Remodelación y Reparación de Inmuebles","GRANDE","SI","Por Item",39214798611.53039,"Declaración Jurada","72000000",21.491712707182323,33.425414364640886,"cluster_319"
"Contratación por Excepción","Servicios de ceremonial, gastronomico y funerarios","MIPYME","NO","Por Total",700516761.704545,"NULL","90000000",-2.1477272727272734,-9.897727272727266,"cluster_320"
"Licitación Pública Nacional","Equipos, Productos e instrumentales Médicos y de Laboratorio. Servicios asistenciales de salud","MIPYME","SI","Por Item",4609306776.033613,"Póliza","42000000",14.15126050420168,34.0126050420168,"cluster_321"
"Concurso de Ofertas","Textiles, vestuarios y calzados","MIPYME","SI","Por Item",380801375.80645084,"Póliza","46000000-53000000",15.591397849462364,24.075268817204304,"cluster_322"
"Contratación por Excepción","Servicios de ceremonial, gastronomico y funerarios","MIPYME","NO","Por Total",1103836005.454545,"NULL","90000000",-3.636363636363635,-75.31818181818183,"cluster_323"
"Licitación Pública Nacional","Utiles de oficina, Productos de papel y cartón e impresos","MIPYME","NO","Por Lote",1791620015.263566,"Póliza","44000000",9.069767441860465,26.116279069767444,"cluster_324"
"Licitación Pública Nacional","Utiles de oficina, Productos de papel y cartón e impresos","MIPYME","NO","Por Item",3238509792.869565,"Póliza","14000000-43000000-44000000-60000000",19.70048309178744,28.516908212560388,"cluster_325"
"Licitación Pública Nacional","Servicios de Limpiezas, Mantenimientos y reparaciones menores y mayores de Instalaciones, Maquinarias y Vehículos","GRANDE","SI","Por Lote",5069756633.053191,"Póliza","73000000",13.446808510638299,25.94148936170213,"cluster_326"
"Contratación Directa","Equipos, accesorios y programas computacionales, de oficina, educativos, de imprenta, de comunicación y señalamiento","GRANDE","NO","Por Item",65363692.07224941,"Declaración Jurada","43000000",2.225089321159211,7.869789599047245,"cluster_327"
"Licitación Pública Nacional","Equipos, accesorios y programas computacionales, de oficina, educativos, de imprenta, de comunicación y señalamiento","GRANDE","NO","Por Item",4882773847.642857,"Póliza","26000000-32000000-39000000-41000000-43000000-44000000-45000000",139.07142857142856,151.2857142857143,"cluster_328"
"Contratación Directa","Muebles y Enseres","MIPYME","NO","Por Total",57652602.301205635,"Declaración Jurada","56000000",5.305722891566264,10.968373493975907,"cluster_329"
"Licitación Pública Nacional","Servicios de Limpiezas, Mantenimientos y reparaciones menores y mayores de Instalaciones, Maquinarias y Vehículos","MIPYME","SI","Por Total",2514652775.321168,"Póliza","78000000",8.510948905109489,21.175182481751825,"cluster_330"
"Contratación Directa","Servicios de Limpiezas, Mantenimientos y reparaciones menores y mayores de Instalaciones, Maquinarias y Vehículos","MIPYME","NO","Por Lote",60941044.361112595,"Declaración Jurada","81000000",6.592222222222222,12.730000000000004,"cluster_331"
"Concurso de Ofertas","Muebles y Enseres","GRANDE","NO","Por Item",330994903.49279594,"Póliza","40000000",8.589337175792506,16.20749279538905,"cluster_332"
"Concurso de Ofertas","Maquinarias, Equipos y herramientas mayores - Equipos de transporte","GRANDE","NO","Por Total",450257904.4494858,"Póliza","25000000",7.75979381443299,14.826804123711339,"cluster_333"
"Licitación Pública Nacional","Servicios de Limpiezas, Mantenimientos y reparaciones menores y mayores de Instalaciones, Maquinarias y Vehículos","GRANDE","NO","Por Total",2369727218.3651876,"Póliza","73000000",8.80887372013652,21.27645051194539,"cluster_334"
"Contratación Directa","Construcción, Restauración, Reconstrucción o Remodelación y Reparación de Inmuebles","GRANDE","NO","Por Total",88385561.08709717,"Declaración Jurada","72000000",3.7990603541742036,8.562341886519697,"cluster_335"
"Contratación Directa","Muebles y Enseres","MIPYME","NO","Por Total",47663900.87306023,"Declaración Jurada","30000000",2.638928067700986,7.669957686882949,"cluster_336"
"Concurso de Ofertas","Servicios de Limpiezas, Mantenimientos y reparaciones menores y mayores de Instalaciones, Maquinarias y Vehículos","GRANDE","NO","Por Total",338442792.89404774,"Póliza","80000000",6.290275761973875,13.41654571843251,"cluster_337"
"Contratación por Excepción","Equipos, Productos e instrumentales Médicos y de Laboratorio. Servicios asistenciales de salud","GRANDE","NO","Por Lote",1634533520.833334,"NULL","51000000",-63.95833333333334,-82.95833333333333,"cluster_338"
"Concurso de Ofertas","Utiles de oficina, Productos de papel y cartón e impresos","GRANDE","SI","Por Item",435249173.70014286,"Póliza","44000000",5.373408769448373,12.145685997171146,"cluster_339"
"Contratación Directa","Utiles de oficina, Productos de papel y cartón e impresos","GRANDE","NO","Por Item",55560345.32056999,"Declaración Jurada","55000000",4.600571428571426,10.09657142857143,"cluster_340"
"Contratación por Excepción","Adquisición y Locación de inmuebles. Alquiler de muebles","MIPYME","NO","Por Item",949031355.8305092,"Declaración Jurada","57000000",1.3559322033898322,5.76271186440678,"cluster_341"
"Licitación Pública Nacional","Equipos, Productos e instrumentales Médicos y de Laboratorio. Servicios asistenciales de salud","GRANDE","SI","Por Item",14199646957.655174,"Póliza","13000000-41000000-42000000-51000000",63.482758620689665,130.58620689655172,"cluster_342"
"Contratación Directa Contra","Servicios de Limpiezas, Mantenimientos y reparaciones menores y mayores de Instalaciones, Maquinarias y Vehículos","GRANDE","NO","Por Lote",112362140.27716255,"Declaración Jurada","78000000",2.971175166297116,8.614190687361432,"cluster_135"
"Contratación Directa","Equipos, accesorios y programas computacionales, de oficina, educativos, de imprenta, de comunicación y señalamiento","MIPYME","NO","Por Total",56741625.651203156,"Declaración Jurada","80000000",4.812714776632302,15.713058419243985,"cluster_139"
"Locación de Inmuebles","Adquisición y Locación de inmuebles. Alquiler de muebles","MIPYME","NO","Por Total",1649077451.7222214,"Póliza","80000000",39.72222222222222,46.10000000000001,"cluster_345"
"Contratación por Excepción","Servicios Técnicos","GRANDE","NO","Por Total",77494994.76676273,"Declaración Jurada","83000000",3.282798833819241,9.854227405247812,"cluster_346"
"Contratación Directa","Servicios de Limpiezas, Mantenimientos y reparaciones menores y mayores de Instalaciones, Maquinarias y Vehículos","MIPYME","NO","Por Total",47488470.719566345,"Declaración Jurada","72000000",3.899456521739131,9.99945652173913,"cluster_347"
"Contratación Directa","Servicios Técnicos","GRANDE","NO","Por Item",61006607.1038475,"Declaración Jurada","81000000",3.998717948717948,15.46025641025641,"cluster_348"
"Licitación Pública Nacional","Productos Alimenticios","GRANDE","SI","Por Item",8533421961.854575,"Póliza","50000000",17.385620915032682,29.892156862745097,"cluster_349"
"Concurso de Ofertas","Materiales e insumos eléctricos, metálicos y no metálicos, Plásticos, cauchos. Repuestos, herramientas, cámaras y cubiertas.","GRANDE","NO","Por Item",727342519.507144,"Póliza","43000000",32.375,41.82857142857142,"cluster_350"
"Licitación Pública Nacional","Equipos, Productos e instrumentales Médicos y de Laboratorio. Servicios asistenciales de salud","GRANDE","NO","Por Item",4561207657.465224,"Póliza","41000000-42000000-51000000",21.935085007727977,35.710973724884084,"cluster_351"
"Contratación por Excepción","Equipos, Productos e instrumentales Médicos y de Laboratorio. Servicios asistenciales de salud","GRANDE","NO","Por Lote",1953798243,"NULL","41000000",-414,-477,"cluster_352"
"Concurso de Ofertas","Servicios Técnicos","MIPYME","SI","Por Lote",309789412.4138975,"Póliza","82000000",5.719033232628398,12.099697885196377,"cluster_353"
"Licitación Pública Nacional","Construcción, Restauración, Reconstrucción o Remodelación y Reparación de Inmuebles","MIPYME","SI","Por Total",1788468664.6245613,"Póliza","72000000",15.354385964912282,24.36140350877193,"cluster_354"
"Contratación por Excepción","Equipos, Productos e instrumentales Médicos y de Laboratorio. Servicios asistenciales de salud","GRANDE","NO","Por Item",2858872941.8399997,"Póliza","42000000",-62.959999999999994,-61.120000000000005,"cluster_355"
"Licitación Pública Internacional","Equipos, accesorios y programas computacionales, de oficina, educativos, de imprenta, de comunicación y señalamiento","GRANDE","NO","Por Lote",1350499999.999999,"Póliza","39000000-41000000-43000000-72000000-80000000",133.5,143.5,"cluster_356"
"Licitación Pública Internacional","Maquinarias, Equipos y herramientas mayores - Equipos de transporte","MIPYME","NO","Por Lote",785297383.7894735,"Póliza","72000000",20.42105263157895,36.526315789473685,"cluster_357"
"Licitación Pública Nacional","Materiales e insumos eléctricos, metálicos y no metálicos, Plásticos, cauchos. Repuestos, herramientas, cámaras y cubiertas.","GRANDE","NO","Por Lote",2428441690.9065037,"Póliza","42000000-51000000",19.012195121951223,27.495934959349594,"cluster_358"
"Licitación Pública Nacional","Servicios de Limpiezas, Mantenimientos y reparaciones menores y mayores de Instalaciones, Maquinarias y Vehículos","GRANDE","SI","Por Total",3822860129.815,"Póliza","76000000",31.979999999999997,42.059999999999995,"cluster_359"
"Licitación Pública Nacional","Equipos, Productos e instrumentales Médicos y de Laboratorio. Servicios asistenciales de salud","GRANDE","SI","Por Item",6935920961.259542,"Póliza","41000000-42000000",56.213740458015266,73.26717557251908,"cluster_360"
"Licitación Pública Nacional","Equipos, Productos e instrumentales Médicos y de Laboratorio. Servicios asistenciales de salud","GRANDE","SI","Por Lote",67373333624.9084,"Póliza","51000000",13.488549618320612,30.618320610687025,"cluster_361"
"Licitación Pública Nacional","Equipos, Productos e instrumentales Médicos y de Laboratorio. Servicios asistenciales de salud","MIPYME","NO","Por Lote",3271885444.205674,"Póliza","41000000-42000000",24.0354609929078,34.99290780141844,"cluster_362"
"Contratación por Excepción","Equipos, Productos e instrumentales Médicos y de Laboratorio. Servicios asistenciales de salud","GRANDE","NO","Por Item",3302459278.3773584,"NULL","51000000",-28.471698113207548,-40.11320754716979,"cluster_363"
"Contratación Directa","Servicios de Limpiezas, Mantenimientos y reparaciones menores y mayores de Instalaciones, Maquinarias y Vehículos","GRANDE","NO","Por Total",49592690.196531296,"Declaración Jurada","72000000",8.63776493256262,14.605651894669238,"cluster_364"
"Licitación Pública Nacional","Equipos, Productos e instrumentales Médicos y de Laboratorio. Servicios asistenciales de salud","GRANDE","SI","Por Item",308227818240,"Póliza","51000000",29,62,"cluster_365"
"Contratación Directa","Elementos e insumos de limpieza","GRANDE","SI","Por Item",78133773.30097103,"Declaración Jurada","47000000-53000000",4.288025889967637,10.106796116504851,"cluster_366"
"Licitación Pública Nacional","Equipos, Productos e instrumentales Médicos y de Laboratorio. Servicios asistenciales de salud","GRANDE","SI","Por Item",28435874317.03704,"Póliza","39000000-41000000-42000000-49000000",141.48148148148147,159.85185185185182,"cluster_367"
"Contratación Directa","Equipos, accesorios y programas computacionales, de oficina, educativos, de imprenta, de comunicación y señalamiento","MIPYME","NO","Por Total",45817467.00911331,"Declaración Jurada","43000000",5.381548974943051,11.986332574031895,"cluster_368"
"Concurso de Ofertas","Servicios de Limpiezas, Mantenimientos y reparaciones menores y mayores de Instalaciones, Maquinarias y Vehículos","MIPYME","SI","Por Lote",632182690.3087435,"Póliza","78000000",7.226775956284153,14.718579234972678,"cluster_369"
"Concurso de Ofertas","Equipos, accesorios y programas computacionales, de oficina, educativos, de imprenta, de comunicación y señalamiento","GRANDE","NO","Por Lote",362636150.1664629,"Póliza","84000000",6.939580764488285,14.50924784217016,"cluster_370"
"Licitación Pública Internacional","Maquinarias, Equipos y herramientas mayores - Equipos de transporte","GRANDE","NO","Por Lote",2190422944.1916666,"Póliza","39000000",26.40833333333333,40.20833333333333,"cluster_371"
"Contratación Directa","Productos quimicos","MIPYME","NO","Por Lote",57326062.80108452,"Declaración Jurada","72000000",2.122965641952982,7.1464737793851825,"cluster_372"
"Contratación Directa","Servicios Técnicos","GRANDE","SI","Por Total",42223816.293066025,"Declaración Jurada","80000000",4.9015659955257265,15.225950782997764,"cluster_373"
"Concurso de Ofertas","Equipos, accesorios y programas computacionales, de oficina, educativos, de imprenta, de comunicación y señalamiento","GRANDE","NO","Por Item",422101443.3131695,"Póliza","43000000",5.778536585365853,14.135609756097558,"cluster_374"
"Contratación por Excepción","Materiales e insumos eléctricos, metálicos y no metálicos, Plásticos, cauchos. Repuestos, herramientas, cámaras y cubiertas.","GRANDE","NO","Por Total",1268212893.8888893,"NULL","30000000",-38.05555555555557,-59.94444444444444,"cluster_375"
"Contratación por Excepción","Productos Alimenticios","GRANDE","NO","Por Total",1303189780.530612,"NULL","50000000",-4.448979591836736,-14.61224489795918,"cluster_376"
"Licitación Pública Nacional","Equipos, Productos e instrumentales Médicos y de Laboratorio. Servicios asistenciales de salud","GRANDE","SI","Por Lote",140671289614.36145,"Póliza","51000000",19.734939759036145,32.0722891566265,"cluster_377"
"Contratación Directa","Utiles de oficina, Productos de papel y cartón e impresos","GRANDE","NO","Por Lote",237284725.8430233,"Póliza","14000000-31000000-43000000-44000000-60000000",7.441860465116279,14.383720930232558,"cluster_378"
"Licitación Pública Internacional","Maquinarias, Equipos y herramientas mayores - Equipos de transporte","GRANDE","SI","Por Lote",1453699464.136363,"Póliza","26000000-39000000",17.204545454545453,30.409090909090907,"cluster_379"
"Concurso de Ofertas","Construcción, Restauración, Reconstrucción o Remodelación y Reparación de Inmuebles","MIPYME","NO","Por Total",355729274.52203083,"Póliza","72000000",5.8954443614637775,11.937266616878276,"cluster_380"
"Licitación Pública Nacional","Construcción, Restauración, Reconstrucción o Remodelación y Reparación de Inmuebles","GRANDE","SI","Por Lote",6916724391.835381,"Póliza","72000000",13.515970515970517,23.820638820638823,"cluster_381"
"Contratación por Excepción","Equipos, Productos e instrumentales Médicos y de Laboratorio. Servicios asistenciales de salud","GRANDE","NO","Por Item",2839286296.5882354,"NULL","51000000",-0.5808823529411793,-58.68382352941177,"cluster_382"
"Concurso de Ofertas","Equipos, Productos e instrumentales Médicos y de Laboratorio. Servicios asistenciales de salud","GRANDE","SI","Por Item",497865848.01479244,"Póliza","42000000",9.532544378698224,18.227810650887573,"cluster_383"
"Licitación Pública Nacional","Equipos, accesorios y programas computacionales, de oficina, educativos, de imprenta, de comunicación y señalamiento","GRANDE","NO","Por Item",3074695256.970588,"Póliza","40000000-43000000-44000000-45000000-52000000",96.52941176470588,104.79411764705883,"cluster_384"
"Licitación Pública Nacional","Materiales e insumos eléctricos, metálicos y no metálicos, Plásticos, cauchos. Repuestos, herramientas, cámaras y cubiertas.","GRANDE","SI","Por Item",7640999765,"Póliza","40000000-41000000-42000000-46000000-53000000",13.866336633663366,36.841584158415834,"cluster_385"
"Licitación Pública Nacional","Combustibles y Lubricantes","GRANDE","NO","Por Lote",2125960834.2343225,"Póliza","15000000",7.534653465346535,17.861386138613863,"cluster_386"
"Licitación Pública Nacional","Productos Alimenticios","GRANDE","NO","Por Item",13471952775.2,"NULL","12000000-50000000-51000000",14.900000000000002,25.833333333333336,"cluster_387"
"Licitación Pública Nacional","Equipos, Productos e instrumentales Médicos y de Laboratorio. Servicios asistenciales de salud","GRANDE","SI","Por Item",66671718431.61887,"Póliza","51000000",14.083916083916083,31.04195804195804,"cluster_388"
"Contratación por Excepción","Muebles y Enseres","GRANDE","NO","Por Item",3146576794.649999,"Póliza","30000000-42000000-49000000-56000000-60000000",42.925,52.650000000000006,"cluster_389"
"Licitación Pública Nacional","Equipos, Productos e instrumentales Médicos y de Laboratorio. Servicios asistenciales de salud","GRANDE","SI","Por Lote",10350087930.19186,"Póliza","41000000",12.453488372093023,30.23837209302325,"cluster_390"
"Contratación Directa","Elementos e insumos de limpieza","MIPYME","SI","Por Item",110103094.4788742,"Declaración Jurada","47000000-53000000",4.785211267605634,11.204225352112674,"cluster_391"
"Licitación Pública Nacional","Textiles, vestuarios y calzados","MIPYME","SI","Por Item",2932151195.288344,"Póliza","11000000-30000000-46000000-49000000-52000000-53000000-55000000-56000000-60000000",11.883435582822086,21.914110429447852,"cluster_392"
"Licitación Pública Nacional","Equipos, Productos e instrumentales Médicos y de Laboratorio. Servicios asistenciales de salud","GRANDE","SI","Por Total",4402321014.429256,"Póliza","84000000",11.94484412470024,24.882494004796165,"cluster_393"
"Contratación Directa","Servicios de Limpiezas, Mantenimientos y reparaciones menores y mayores de Instalaciones, Maquinarias y Vehículos","GRANDE","SI","Por Total",61139166.606015205,"Declaración Jurada","81000000",3.9894736842105267,12.4796992481203,"cluster_394"
"Licitación Pública Nacional","Servicios de ceremonial, gastronomico y funerarios","MIPYME","NO","Por Lote",1830809731.592286,"Póliza","90000000",13.644628099173552,22.608815426997246,"cluster_395"
"Contratación Directa","Maquinarias, Equipos y herramientas mayores - Equipos de transporte","MIPYME","NO","Por Total",42879088.69873905,"Declaración Jurada","82000000",6.372239747634069,12.54258675078864,"cluster_396"
"Concurso de Ofertas","Utiles de oficina, Productos de papel y cartón e impresos","MIPYME","NO","Por Item",312927903.0614376,"Póliza","44000000",9.75686274509804,16.877124183006536,"cluster_397"
"Concurso de Ofertas","Equipos, accesorios y programas computacionales, de oficina, educativos, de imprenta, de comunicación y señalamiento","MIPYME","NO","Por Lote",640342328.8028173,"Póliza","43000000",30.359154929577464,38.17605633802817,"cluster_398"
"Licitación Pública Nacional","Publicidad y Propaganda","GRANDE","NO","Por Total",1426025745.9957447,"Póliza","82000000",14.314893617021276,23.710638297872343,"cluster_399"
